<list>
  <ProcessDefinition>
    <processDefinitionPK>
      <companyId>1</companyId>
      <processId>GravaRM</processId>
    </processDefinitionPK>
    <processDescription>GravaRM</processDescription>
    <instruction></instruction>
    <active>true</active>
    <publicProcess>false</publicProcess>
    <volumeId>Default</volumeId>
    <categoryId></categoryId>
    <managerEngineAllocationId></managerEngineAllocationId>
    <snapshotFrequency>0</snapshotFrequency>
    <baseDay>0</baseDay>
    <baseMonth>0</baseMonth>
    <periodId>Default</periodId>
    <uniqueCardVersion>false</uniqueCardVersion>
    <keyWord></keyWord>
    <complementsLevel>1</complementsLevel>
    <notifyRequisitionerComplements>true</notifyRequisitionerComplements>
    <notifyManagerComplements>false</notifyManagerComplements>
    <deadlineTime>0</deadlineTime>
    <warningDeadlineTime>0</warningDeadlineTime>
    <notifyAuthorityComplements>true</notifyAuthorityComplements>
  </ProcessDefinition>
  <ProcessDefinitionVersion>
    <processDefinitionVersionPK>
      <companyId>1</companyId>
      <processId>GravaRM</processId>
      <version>1</version>
    </processDefinitionVersionPK>
    <versionDescription></versionDescription>
    <formId>22</formId>
    <editionMode>true</editionMode>
    <updateAttachmentsVersion>false</updateAttachmentsVersion>
    <controlsAttachmentsSecurity>false</controlsAttachmentsSecurity>
    <active>true</active>
    <blockedVersion>false</blockedVersion>
    <counterSign>false</counterSign>
    <openInstances>0</openInstances>
    <bpmnVersion>2</bpmnVersion>
    <processStates/>
    <favorito>false</favorito>
    <inheritFormSecurity>false</inheritFormSecurity>
    <mobileReady>false</mobileReady>
  </ProcessDefinitionVersion>
  <list>
    <ProcessState>
      <processStatePK>
        <companyId>1</companyId>
        <processId>GravaRM</processId>
        <version>1</version>
        <sequence>4</sequence>
      </processStatePK>
      <stateName>Início</stateName>
      <stateDescription>Início</stateDescription>
      <instruction></instruction>
      <deadlineTime>0</deadlineTime>
      <joint>false</joint>
      <agreementPercentage>0</agreementPercentage>
      <engineAllocationId></engineAllocationId>
      <engineAllocationConfiguration></engineAllocationConfiguration>
      <selectColleague>1</selectColleague>
      <initialState>true</initialState>
      <notifyAuthorityDelay>true</notifyAuthorityDelay>
      <notifyRequisitionerDelay>false</notifyRequisitionerDelay>
      <allowanceAuthorityTime>3600</allowanceAuthorityTime>
      <frequenceAuthorityTime>3600</frequenceAuthorityTime>
      <allowanceRequisitionerTime>0</allowanceRequisitionerTime>
      <frequenceRequisitionerTime>0</frequenceRequisitionerTime>
      <transferAttachments>false</transferAttachments>
      <subProcessId></subProcessId>
      <formFolder>0</formFolder>
      <notifyAuthorityFollowUp>false</notifyAuthorityFollowUp>
      <notifyRequisitionerFollowUp>false</notifyRequisitionerFollowUp>
      <automatic>false</automatic>
      <positionX>130</positionX>
      <positionY>90</positionY>
      <forecastedEffortType>0</forecastedEffortType>
      <forecastedEffort>0</forecastedEffort>
      <notifyManagerFollowUp>false</notifyManagerFollowUp>
      <notifyManagerDelay>false</notifyManagerDelay>
      <allowanceManagerTime>0</allowanceManagerTime>
      <frequenceManagerTime>0</frequenceManagerTime>
      <inhibitTransfer>false</inhibitTransfer>
      <periodId></periodId>
      <stateType>0</stateType>
      <bpmnType>10</bpmnType>
      <signalId>0</signalId>
      <counterSign>false</counterSign>
      <openInstances>0</openInstances>
      <noticeExpirationAuthorityTime>0</noticeExpirationAuthorityTime>
      <noticeExpirationRequisitionerTime>0</noticeExpirationRequisitionerTime>
      <noticeExpirationManagerTime>0</noticeExpirationManagerTime>
      <destinationStates/>
      <digitalSignature>false</digitalSignature>
    </ProcessState>
    <ProcessState>
      <processStatePK>
        <companyId>1</companyId>
        <processId>GravaRM</processId>
        <version>1</version>
        <sequence>5</sequence>
      </processStatePK>
      <stateName>Act1</stateName>
      <stateDescription>Act1</stateDescription>
      <instruction></instruction>
      <deadlineTime>0</deadlineTime>
      <deadlineFieldName></deadlineFieldName>
      <joint>false</joint>
      <agreementPercentage>0</agreementPercentage>
      <selectColleague>1</selectColleague>
      <initialState>false</initialState>
      <notifyAuthorityDelay>true</notifyAuthorityDelay>
      <notifyRequisitionerDelay>false</notifyRequisitionerDelay>
      <allowanceAuthorityTime>3600</allowanceAuthorityTime>
      <frequenceAuthorityTime>3600</frequenceAuthorityTime>
      <allowanceRequisitionerTime>0</allowanceRequisitionerTime>
      <frequenceRequisitionerTime>0</frequenceRequisitionerTime>
      <transferAttachments>false</transferAttachments>
      <subProcessId></subProcessId>
      <formFolder>0</formFolder>
      <notifyAuthorityFollowUp>true</notifyAuthorityFollowUp>
      <notifyRequisitionerFollowUp>false</notifyRequisitionerFollowUp>
      <automatic>false</automatic>
      <positionX>280</positionX>
      <positionY>82</positionY>
      <forecastedEffortType>0</forecastedEffortType>
      <forecastedEffort>0</forecastedEffort>
      <notifyManagerFollowUp>false</notifyManagerFollowUp>
      <notifyManagerDelay>false</notifyManagerDelay>
      <allowanceManagerTime>0</allowanceManagerTime>
      <frequenceManagerTime>0</frequenceManagerTime>
      <inhibitTransfer>false</inhibitTransfer>
      <periodId></periodId>
      <stateType>0</stateType>
      <bpmnType>80</bpmnType>
      <signalId>0</signalId>
      <counterSign>false</counterSign>
      <openInstances>0</openInstances>
      <noticeExpirationAuthorityTime>0</noticeExpirationAuthorityTime>
      <noticeExpirationRequisitionerTime>0</noticeExpirationRequisitionerTime>
      <noticeExpirationManagerTime>0</noticeExpirationManagerTime>
      <destinationStates/>
      <digitalSignature>false</digitalSignature>
      <executionType>0</executionType>
    </ProcessState>
    <ProcessState>
      <processStatePK>
        <companyId>1</companyId>
        <processId>GravaRM</processId>
        <version>1</version>
        <sequence>7</sequence>
      </processStatePK>
      <stateName>Fim</stateName>
      <stateDescription>Fim</stateDescription>
      <instruction>Atividade final do processo</instruction>
      <deadlineTime>0</deadlineTime>
      <joint>false</joint>
      <agreementPercentage>0</agreementPercentage>
      <engineAllocationId></engineAllocationId>
      <engineAllocationConfiguration></engineAllocationConfiguration>
      <selectColleague>0</selectColleague>
      <initialState>false</initialState>
      <notifyAuthorityDelay>true</notifyAuthorityDelay>
      <notifyRequisitionerDelay>false</notifyRequisitionerDelay>
      <allowanceAuthorityTime>0</allowanceAuthorityTime>
      <frequenceAuthorityTime>1</frequenceAuthorityTime>
      <allowanceRequisitionerTime>0</allowanceRequisitionerTime>
      <frequenceRequisitionerTime>0</frequenceRequisitionerTime>
      <transferAttachments>false</transferAttachments>
      <subProcessId></subProcessId>
      <formFolder>0</formFolder>
      <notifyAuthorityFollowUp>false</notifyAuthorityFollowUp>
      <notifyRequisitionerFollowUp>false</notifyRequisitionerFollowUp>
      <automatic>false</automatic>
      <positionX>470</positionX>
      <positionY>90</positionY>
      <forecastedEffortType>0</forecastedEffortType>
      <forecastedEffort>0</forecastedEffort>
      <notifyManagerFollowUp>false</notifyManagerFollowUp>
      <notifyManagerDelay>false</notifyManagerDelay>
      <allowanceManagerTime>0</allowanceManagerTime>
      <frequenceManagerTime>0</frequenceManagerTime>
      <inhibitTransfer>false</inhibitTransfer>
      <periodId></periodId>
      <stateType>0</stateType>
      <bpmnType>60</bpmnType>
      <signalId>0</signalId>
      <counterSign>false</counterSign>
      <openInstances>0</openInstances>
      <destinationStates/>
      <digitalSignature>false</digitalSignature>
    </ProcessState>
  </list>
  <list/>
  <list>
    <ProcessLink>
      <processLinkPK>
        <companyId>1</companyId>
        <processId>GravaRM</processId>
        <version>1</version>
        <linkSequence>6</linkSequence>
      </processLinkPK>
      <actionLabel></actionLabel>
      <returnPermited>false</returnPermited>
      <initialStateSequence>4</initialStateSequence>
      <finalStateSequence>5</finalStateSequence>
      <returnLabel></returnLabel>
      <name></name>
      <automaticLink>false</automaticLink>
      <defaultLink>false</defaultLink>
      <type>0</type>
    </ProcessLink>
    <ProcessLink>
      <processLinkPK>
        <companyId>1</companyId>
        <processId>GravaRM</processId>
        <version>1</version>
        <linkSequence>8</linkSequence>
      </processLinkPK>
      <actionLabel></actionLabel>
      <returnPermited>false</returnPermited>
      <initialStateSequence>5</initialStateSequence>
      <finalStateSequence>7</finalStateSequence>
      <returnLabel></returnLabel>
      <name></name>
      <automaticLink>false</automaticLink>
      <defaultLink>false</defaultLink>
      <type>0</type>
    </ProcessLink>
  </list>
  <list/>
  <list>
    <WorkflowProcessEvent>
      <workflowProcessEventPK>
        <companyId>1</companyId>
        <eventId>beforeTaskSave</eventId>
        <processId>GravaRM</processId>
        <version>1</version>
      </workflowProcessEventPK>
      <eventDescription>function beforeTaskSave(colleagueId,nextSequenceId,userList){&#xd;
	 var NOME_DATASERVER = &quot;TstAreaData&quot;;  &#xd;
	  &#xd;
	    /* Prepararação das variaveis */  &#xd;
	      //usuário e senha do aplicativo RM. O mesmo utilizado para logar no sistema e que tenha permissão de   &#xd;
	      //acesso ao cadastro que deseja utilizar  &#xd;
	      var usuario = &quot;mestre&quot;;  &#xd;
	      var senha = &quot;totvs&quot;;  &#xd;
	      //importante passar no contexto o mesmo código de usuário usado para logar no webservice  &#xd;
	      var context = &quot;CODSISTEMA=G;CODCOLIGADA=1;CODUSUARIO=mestre&quot;  &#xd;
	    /* Fim Prepararação das variaveis */  &#xd;
	        &#xd;
	  &#xd;
	    try{  &#xd;
	          &#xd;
	        if (isEmpty(hAPI.getCardValue(&quot;CODCOLIGADA&quot;)) || isEmpty(hAPI.getCardValue(&quot;CODAREA&quot;)))     &#xd;
	        return      &#xd;
	        var primaryKey = hAPI.getCardValue(&quot;CODCOLIGADA&quot;) + &quot;;&quot; + hAPI.getCardValue(&quot;CODAREA&quot;);  &#xd;
	  &#xd;
	        // carrega o webservice...  &#xd;
	        var authService = getWebService(usuario, senha);  &#xd;
	        // define o contexto...  &#xd;
	        var context = &quot;CODSISTEMA=G;CODCOLIGADA=1;CODUSUARIO=mestre&quot;  &#xd;
	        // faz a leitura...  &#xd;
	        var text = new String(authService.readRecord(NOME_DATASERVER, primaryKey, context));  &#xd;
	  &#xd;
	        if (!ChekExist(text))  &#xd;
	            text = GetXml();  &#xd;
	  &#xd;
	        // atualiza o valor...  &#xd;
	        text = replaceValue(text, &quot;CODCOLIGADA&quot; , hAPI.getCardValue(&quot;CODCOLIGADA&quot;));   &#xd;
	        text = replaceValue(text, &quot;CODAREA&quot; , hAPI.getCardValue(&quot;CODAREA&quot;));   &#xd;
	        text = replaceValue(text, &quot;NOME&quot; , hAPI.getCardValue(&quot;NOME&quot;));   &#xd;
	        text = replaceValue(text, &quot;DESCRICAO&quot; , hAPI.getCardValue(&quot;DESCRICAO&quot;));   &#xd;
	        text = replaceValue(text, &quot;ATUALIZARIDIOMA&quot; , hAPI.getCardValue(&quot;ATUALIZARIDIOMA&quot;));   &#xd;
	        text = replaceValue(text, &quot;CODIDIOMA&quot; , hAPI.getCardValue(&quot;CODIDIOMA&quot;));   &#xd;
	        text = replaceValue(text, &quot;NOMEIDIOMA&quot; , hAPI.getCardValue(&quot;NOMEIDIOMA&quot;));   &#xd;
	  &#xd;
	  &#xd;
	        var result = new String(authService.saveRecord(NOME_DATASERVER, text, context));   &#xd;
	          &#xd;
	    // se retornou a chave, salvou ok...  &#xd;
	        checkIsPK(result, 2);  &#xd;
	    }  &#xd;
	    catch (e)   &#xd;
	    {  &#xd;
	        if (e == null)  e = &quot;Erro desconhecido!&quot;;  &#xd;
	        var mensagemErro = &quot;Ocorreu um erro ao salvar dados no RM: &quot; + e;  &#xd;
	        throw mensagemErro;  &#xd;
	    }     &#xd;
	}  &#xd;
	  &#xd;
	          &#xd;
	function GetXml()  &#xd;
	{  &#xd;
	    return &quot;&lt;TstArea &gt;&quot; +   &#xd;
	&quot;  &lt;BArea&gt;&quot; +   &#xd;
	&quot;    &lt;CODCOLIGADA&gt;1&lt;/CODCOLIGADA&gt;&quot; +   &#xd;
	&quot;    &lt;CODAREA&gt;01&lt;/CODAREA&gt;&quot; +   &#xd;
	&quot;    &lt;NOME&gt;Sistemas RM - Linha MSDOS - área RH&lt;/NOME&gt;&quot; +   &#xd;
	&quot;    &lt;DESCRICAO&gt;Está área engloba todas as questões de prova refente aos sistemas da RM na linha de RH, desenvolvidos, em DOS, como :RM FOLHA, RM PONTO&lt;/DESCRICAO&gt;&quot; +   &#xd;
	&quot;  &lt;/BArea&gt;&quot; +   &#xd;
	&quot;&lt;/TstArea&gt;&quot;;  &#xd;
	&#xd;
}&#xd;
&#xd;
	/**&apos;&#xd;
	* A API de autenticação da Totvs baseia no &quot;Basic access authentication&quot; do HTTP.&#xd;
	 * Código Java para autenticação &#xd;
	 * Programa responsável por integrar com os Webservices do RM &#xd;
	 *  Exemplo dev valores para os parâmetros &#xd;
	 *		@param string Usuario = &quot;mestre&quot;;&#xd;
	 *		@param string Senha = &quot;totvs&quot;;&#xd;
	*/&#xd;
&#xd;
	function getWebService(Usuario, Senha){&#xd;
&#xd;
	    var Nome_Servico = &quot;WSDATASERVER&quot;;&#xd;
	    var Caminho_Servico = &quot;com.totvs.WsDataServer&quot;;&#xd;
	    &#xd;
		var dataServerService = ServiceManager.getServiceInstance(Nome_Servico);&#xd;
		if(dataServerService == null){&#xd;
			throw &quot;Servico nao encontrado: &quot; + Nome_Servico;&#xd;
		}&#xd;
		&#xd;
		var serviceLocator = dataServerService.instantiate(Caminho_Servico);&#xd;
		if(serviceLocator == null){&#xd;
			throw &quot;Instancia do servico nao encontrada: &quot; + Nome_Servico + &quot; - &quot; + Caminho_Servico;&#xd;
		}&#xd;
&#xd;
		var service = serviceLocator.getRMIwsDataServer();	&#xd;
		if(service == null){&#xd;
			throw &quot;Instancia do dataserver do invalida: &quot; + Nome_Servico + &quot; - &quot; + Caminho_Servico;&#xd;
		}&#xd;
&#xd;
		var serviceHelper = dataServerService.getBean();&#xd;
		if(serviceHelper == null){&#xd;
			throw &quot;Instancia do service helper invalida: &quot; + Nome_Servico + &quot; - &quot; + Caminho_Servico;&#xd;
		}&#xd;
&#xd;
		var authService = serviceHelper.getBasicAuthenticatedClient(service, &quot;com.totvs.IwsDataServer&quot;, Usuario, Senha);	  &#xd;
		if(serviceHelper == null){&#xd;
			throw &quot;Instancia do auth service invalida: &quot; + Nome_Servico + &quot; - &quot; + Caminho_Servico;&#xd;
		}&#xd;
		&#xd;
		return authService;&#xd;
	}&#xd;
&#xd;
&#xd;
	function dcReadView(dataservername, context, usuario, senha, filtro)&#xd;
	{	 &#xd;
	      // carrega o webservice...&#xd;
		  var authService = getWebService(usuario, senha);&#xd;
		  &#xd;
	      // lê os dados da visão respeitando o filtro passado&#xd;
		  var viewData = new String(authService.readView(dataservername, filtro, context));&#xd;
&#xd;
		  return viewData;&#xd;
	 }&#xd;
&#xd;
&#xd;
	function dcReadRecord(dataservername, context, usuario, senha, primaryKey)&#xd;
	{	 &#xd;
	      // carrega o webservice...&#xd;
		  var authService = getWebService(usuario, senha);&#xd;
&#xd;
	      // lê os dados do registro respeitando a pk passada&#xd;
		  try&#xd;
		  {&#xd;
			var recordData = new String(authService.readRecord(dataservername, primaryKey, context));&#xd;
		  }&#xd;
		  catch (e) &#xd;
		  {&#xd;
			  var recordData = new String(authService.getSchema(dataservername, context));&#xd;
		  }&#xd;
		  &#xd;
		  return recordData;&#xd;
	 }&#xd;
	  &#xd;
	 &#xd;
	function dcSaveRecord(dataservername, context, usuario, senha, xml)&#xd;
	{	 &#xd;
	      // carrega o webservice...&#xd;
		  var authService = getWebService(usuario, senha);&#xd;
&#xd;
	      // salva o registro de acordo com o xml passado&#xd;
		  var pk = new String(authService.readRecord(dataservername, xml, context));&#xd;
		  	  &#xd;
		  return pk;&#xd;
	 }&#xd;
	 &#xd;
	 &#xd;
	//Transforma o conceito de constraints do Fluig para o Filtro do TBC.&#xd;
	function parseConstraints(constraints, filterRequired)&#xd;
	{&#xd;
		// inicializa o resultado...&#xd;
		var result = [];&#xd;
		result.context = &quot;&quot;;&#xd;
		&#xd;
		// inicializa o filtro...&#xd;
		var filter = &quot;&quot;;&#xd;
		&#xd;
		// varre as contraints...&#xd;
	    for	(con in constraints) {&#xd;
	    	var fieldName = con.getFieldName().toUpperCase();&#xd;
	    	if (fieldName == &quot;RMSCONTEXT&quot;)&#xd;
	    	{&#xd;
	    		result.context = con.getInitialValue();&#xd;
	    		continue;&#xd;
	    	}&#xd;
	    	&#xd;
	    	filter += &quot;(&quot;;&#xd;
	    	&#xd;
	    	if (fieldName == &quot;RMSFILTER&quot;)&#xd;
			{&#xd;
	    		filter += con.getInitialValue();&#xd;
			}&#xd;
	    	else&#xd;
			{&#xd;
	    		if (con.getInitialValue() == con.getFinalValue() || isEmpty(con.getFinalValue()))&#xd;
				{&#xd;
					filter += con.getFieldName();&#xd;
					var isLike = false;&#xd;
					switch(con.getConstraintType())&#xd;
					{&#xd;
						case ConstraintType.MUST:&#xd;
							filter += &quot; = &quot;;&#xd;
						break;&#xd;
						case ConstraintType.MUST_NOT:&#xd;
							filter += &quot; = &quot;;&#xd;
						break;&#xd;
						case ConstraintType.SHOULD:&#xd;
							filter += &quot; LIKE &quot;;&#xd;
							isLike = true;&#xd;
						break;&#xd;
						case ConstraintType.SHOULD_NOT:&#xd;
							filter += &quot; NOT LIKE &quot;;&#xd;
							isLike = true;&#xd;
						break;&#xd;
					}&#xd;
					filter += getFormattedValue(con.getInitialValue(), isLike);&#xd;
				}&#xd;
	    		else&#xd;
				{&#xd;
	    			filter += con.getFieldName();&#xd;
	    			filter += &quot; BETWEEN &quot;;&#xd;
	    			filter += getFormattedValue(con.getInitialValue(), false);&#xd;
	    			filter += &quot; AND &quot;;&#xd;
	    			filter += getFormattedValue(con.getFinalValue(), false);&#xd;
				}&#xd;
			}&#xd;
	    	&#xd;
			filter += &quot;) AND &quot;;&#xd;
		}&#xd;
	    &#xd;
	    if (filter.length == 0)&#xd;
	    {&#xd;
	    	if(filterRequired){&#xd;
	    	  filter = &quot;1=1&quot;;&#xd;
	    	}&#xd;
	    	else{&#xd;
	      	  filter = &quot;1=1&quot;;&#xd;
	    	}&#xd;
	    }&#xd;
	    else&#xd;
	    	filter = filter.substring(0, filter.length-5);&#xd;
	    &#xd;
	    // guarda o filtro...&#xd;
	    result.filter = filter;&#xd;
	    &#xd;
	    // retorna o resultado...&#xd;
	    return result;&#xd;
	}&#xd;
&#xd;
	function isEmpty(str) {&#xd;
	    return (!str || 0 === str.length);&#xd;
	}&#xd;
&#xd;
	function getFormattedValue(value, isLike){&#xd;
		if(isLike){&#xd;
		  return &quot;&apos;%&quot; + value + &quot;%&apos;&quot;;&#xd;
		}&#xd;
		else{&#xd;
		  return &quot;&apos;&quot; + value + &quot;&apos;&quot;;&#xd;
		}&#xd;
	}&#xd;
&#xd;
&#xd;
&#xd;
	function getXMLFromString(xmlString) {&#xd;
		var factory = javax.xml.parsers.DocumentBuilderFactory.newInstance();&#xd;
		var parser = factory.newDocumentBuilder();&#xd;
		var is = new org.xml.sax.InputSource();&#xd;
	    is.setCharacterStream(new java.io.StringReader(xmlString));&#xd;
		return parser.parse(is);&#xd;
	}&#xd;
&#xd;
	 &#xd;
	 function abrirPesquisa(DATASET_ID, dataFields, resultFields, type, title){	&#xd;
		window.open(&quot;/webdesk/zoom.jsp&quot; +&#xd;
		&quot;?datasetId=&quot; +&#xd;
		DATASET_ID +&#xd;
		&quot;&amp;dataFields=&quot; +&#xd;
		dataFields +&#xd;
		&quot;&amp;resultFields=&quot; +&#xd;
		resultFields +&#xd;
		&quot;&amp;type=&quot; +&#xd;
		type+&#xd;
		&quot;&amp;title=&quot; +&#xd;
		title 	&#xd;
		, &quot;zoom&quot;, &quot;status,scroolbars=no,width=600,height=350,top=0,left=0&quot;);&#xd;
	}&#xd;
&#xd;
	function checkIsPK(result, qtd){&#xd;
		var lines = result.split(&apos;\r&apos;);&#xd;
		&#xd;
		if(lines.length == 1){&#xd;
			var pk = result.split(&apos;;&apos;);&#xd;
			if(pk.length == qtd)&#xd;
				return;&#xd;
		}&#xd;
			throw result;&#xd;
		&#xd;
	}&#xd;
&#xd;
	 function ChekExist(result)&#xd;
	 {&#xd;
		 var lines = result.split(&apos;\r&apos;);&#xd;
		if(lines.length &gt; 1)&#xd;
			return true&#xd;
		else&#xd;
			return false;&#xd;
	 }&#xd;
	 &#xd;
&#xd;
	function replaceValue(text, columnName, newValue){&#xd;
&#xd;
		&#xd;
		if ((newValue != null) &amp;&amp; (newValue.trim() != &quot;&quot;))&#xd;
		{&#xd;
			var regex = new RegExp(&quot;&lt;&quot; + columnName + &quot;&gt;(.*?)&lt;\\/&quot; + columnName + &quot;&gt;&quot;, &quot;g&quot;);&#xd;
			var replaceText = &quot;&lt;&quot; + columnName + &quot;&gt;&quot; + newValue + &quot;&lt;/&quot; + columnName + &quot;&gt;&quot;;&#xd;
			&#xd;
			return text.replace(regex, replaceText);&#xd;
		}&#xd;
		else&#xd;
			return text;&#xd;
	}&#xd;
&#xd;
&#xd;
	function isEmpty(str) {&#xd;
	    return (!str || 0 === str.length);&#xd;
	}&#xd;
&#xd;
	</eventDescription>
    </WorkflowProcessEvent>
  </list>
  <list/>
  <list>
    <SwimLane>
      <color>FFFFFF</color>
      <height>290</height>
      <width>831</width>
      <positionX>10</positionX>
      <positionY>10</positionY>
      <stateName>Pool</stateName>
      <type>1</type>
      <parentSequence>0</parentSequence>
      <swimLanePK>
        <companyId>1</companyId>
        <processId>GravaRM</processId>
        <version>1</version>
        <sequence>1</sequence>
      </swimLanePK>
    </SwimLane>
    <SwimLane>
      <color>9F9F9F</color>
      <height>290</height>
      <width>801</width>
      <positionX>40</positionX>
      <positionY>10</positionY>
      <stateName>Reporter</stateName>
      <type>2</type>
      <parentSequence>1</parentSequence>
      <swimLanePK>
        <companyId>1</companyId>
        <processId>GravaRM</processId>
        <version>1</version>
        <sequence>2</sequence>
      </swimLanePK>
    </SwimLane>
  </list>
  <list/>
  <list/>
  <list/>
  <list/>
  <list/>
  <list/>
  <list/>
  <list/>
  <list/>
  <list/>
  <list/>
</list>